Workbook

Sheet 0_안내
B2: Day 1 실습 워크북
B3: 데이터 기반 문제해결 × AI Agent 입문 · 신진엠텍 · 2026. 10. 7 (수)
B5: 작성자 정보
B6: 이름 | C6: 정희성
B7: 부서 | C7: 제조팀(필름)
B8: 직무 | C8: 제조
B9: 팀 | D9: ← 오전 팀 구성 후 선택 (11명 · 3팀 · 팀마다 설계 2명)
B10: 작성일 | C10: 2026-10-07
B12: 범례
C13: 직접 입력하는 칸
C14: 작성 예시 (참고용 · 지우지 않아도 됨)
C15: 자동 계산 칸 (입력하지 않음)
B17: 시트 순서 — 강의자료 Day 1 순서와 같음
B18: 시트 | C18: 강의자료 도구 | D18: 시간 | E18: 작성 단위 | F18: 산출물
B19: 1_업무점검표 | C19: 문제 발굴 · 업무 점검표 | D19: 오전 · 15분 | E19: 개인 | F19: 업무 10개 이상, 주간 합계 상위 3개
B20: 2_인터뷰 | C20: 도구 01 · 인터뷰 가이드 | D20: 오전 · 준비 15분 + 인터뷰 30분 | E20: 개인 (2명 이상 인터뷰) | F20: 질문 5~7개와 기록
B21: 3_공감지도 | C21: 도구 02 · 공감 지도 | D21: 오전 · 35분 | E21: 팀 | F21: 공감 지도, 니즈 문장 3개 이상
B22: 4_문제후보선정 | C22: 도구 03 · 효과×용이성 매트릭스 | D22: 오전 · 15분 | E22: 팀 | F22: 풀 문제 1개와 후보 2개
B23: 5_업무흐름도 | C23: 도구 04 · 업무 흐름도 · 역할 분담 | D23: 오후 · 60분 | E23: 팀 | F23: 현재 흐름도, 역할 분담표
B24: 6_가설검증 | C24: 가설 수립 · 데이터 검증 · AI 분석 | D24: 오후 | E24: 팀 | F24: 가설 3개와 판정
B25: 7_5Whys | C25: 도구 05 · 5 Whys · 질문으로 바꾸기 | D25: 오후 · 15분 | E25: 팀 | F25: 원인 사슬, 진짜 문제
B26: 8_문제정의서 | C26: 도구 06 · 문제정의서 | D26: 오후 · 20분 | E26: 팀 | F26: 문제정의서 1장 (성공 기준 포함)
B27: 9_Agent설계서 | C27: 도구 07 · Agent 설계서 · GPT 제작 | D27: 오후 · 설계 20분 + 제작 50분 | E27: 팀 | F27: 설계서, 지침 초안, 테스트 질문 5개
B28: 10_Day1점검 | C28: Day 1 정리 | D28: 마지막 10분 | E28: 팀 | F28: 산출물 4종 확인
B30: 작성 원칙
B31: 1. 팀 시트(3~10)는 팀원이 같은 내용을 함께 채웁니다. 대표 1명이 작성하고 공유해도 됩니다.
B32: 2. 들은 말과 숫자는 그대로 적습니다. 사실과 내 해석은 다른 칸에 적습니다.
B33: 3. 고객사명, 프로젝트명, 도면, 사양 수치는 적지 않습니다. 이름·연락처·사번은 지우거나 기호로 바꿉니다.
B34: 4. 실제 고객 데이터는 쓰지 않습니다. 실습은 강사가 제공하는 가상 데이터로 진행합니다.
B35: 5. 회사의 AI 사용 기준이 있으면 그 기준을 우선합니다.

Sheet 1_업무점검표
A1: 1. 업무 점검표
A2: 문제 발굴 · 지난주에 한 일을 10개 이상 적고, 빈도와 소요 시간을 숫자로 적는다 · 합계가 큰 순서로 3개를 고른다
A3: ="작성자: "&'0_안내'!C6&" · "&'0_안내'!C7&" · "&'0_안내'!C8&" · "&'0_안내'!C9
A5: No | B5: 업무 | C5: 빈도 (주 n회) | D5: 1회 소요 (분) | E5: 주간 합계 (분) | F5: 불편도 (1~5) | G5: 자주 반복 (주 1회+) | H5: 찾기·정리 옮겨 적기 | I5: 기준이 문서 ·머릿속 | J5: 사람이 검토 가능 | K5: 조건 충족 (4개 중) | L5: 순위 | M5: 후보 선택
A6: 예시 | B6: 과거 조치 이력 찾기 | C6: 5 | D6: 30 | E6: =IF(OR(C6="",D6=""),"",C6*D6) | F6: 5 | G6: O | H6: O | I6: O | J6: O | K6: =COUNTIF(G6:J6,"O") | L6: — | M6: ✓
A7: 1 | E7: =IF(OR(C7="",D7=""),"",C7*D7) | K7: =IF(B7="","",COUNTIF(G7:J7,"O")) | L7: =IF(E7="","",RANK(E7,$E$7:$E$21,0)+COUNTIF($E$7:E7,E7)-1)
A8: 2 | E8: =IF(OR(C8="",D8=""),"",C8*D8) | K8: =IF(B8="","",COUNTIF(G8:J8,"O")) | L8: =IF(E8="","",RANK(E8,$E$7:$E$21,0)+COUNTIF($E$7:E8,E8)-1)
A9: 3 | E9: =IF(OR(C9="",D9=""),"",C9*D9) | K9: =IF(B9="","",COUNTIF(G9:J9,"O")) | L9: =IF(E9="","",RANK(E9,$E$7:$E$21,0)+COUNTIF($E$7:E9,E9)-1)
A10: 4 | E10: =IF(OR(C10="",D10=""),"",C10*D10) | K10: =IF(B10="","",COUNTIF(G10:J10,"O")) | L10: =IF(E10="","",RANK(E10,$E$7:$E$21,0)+COUNTIF($E$7:E10,E10)-1)
A11: 5 | E11: =IF(OR(C11="",D11=""),"",C11*D11) | K11: =IF(B11="","",COUNTIF(G11:J11,"O")) | L11: =IF(E11="","",RANK(E11,$E$7:$E$21,0)+COUNTIF($E$7:E11,E11)-1)
A12: 6 | E12: =IF(OR(C12="",D12=""),"",C12*D12) | K12: =IF(B12="","",COUNTIF(G12:J12,"O")) | L12: =IF(E12="","",RANK(E12,$E$7:$E$21,0)+COUNTIF($E$7:E12,E12)-1)
A13: 7 | E13: =IF(OR(C13="",D13=""),"",C13*D13) | K13: =IF(B13="","",COUNTIF(G13:J13,"O")) | L13: =IF(E13="","",RANK(E13,$E$7:$E$21,0)+COUNTIF($E$7:E13,E13)-1)
A14: 8 | E14: =IF(OR(C14="",D14=""),"",C14*D14) | K14: =IF(B14="","",COUNTIF(G14:J14,"O")) | L14: =IF(E14="","",RANK(E14,$E$7:$E$21,0)+COUNTIF($E$7:E14,E14)-1)
A15: 9 | E15: =IF(OR(C15="",D15=""),"",C15*D15) | K15: =IF(B15="","",COUNTIF(G15:J15,"O")) | L15: =IF(E15="","",RANK(E15,$E$7:$E$21,0)+COUNTIF($E$7:E15,E15)-1)
A16: 10 | E16: =IF(OR(C16="",D16=""),"",C16*D16) | K16: =IF(B16="","",COUNTIF(G16:J16,"O")) | L16: =IF(E16="","",RANK(E16,$E$7:$E$21,0)+COUNTIF($E$7:E16,E16)-1)
A17: 11 | E17: =IF(OR(C17="",D17=""),"",C17*D17) | K17: =IF(B17="","",COUNTIF(G17:J17,"O")) | L17: =IF(E17="","",RANK(E17,$E$7:$E$21,0)+COUNTIF($E$7:E17,E17)-1)
A18: 12 | E18: =IF(OR(C18="",D18=""),"",C18*D18) | K18: =IF(B18="","",COUNTIF(G18:J18,"O")) | L18: =IF(E18="","",RANK(E18,$E$7:$E$21,0)+COUNTIF($E$7:E18,E18)-1)
... A21: 15 | E21: =IF(OR(C21="",D21=""),"",C21*D21) | K21: =IF(B21="","",COUNTIF(G21:J21,"O")) | L21: =IF(E21="","",RANK(E21,$E$7:$E$21,0)+COUNTIF($E$7:E21,E21)-1)
A23: 주간 합계 상위 3개 (자동)
A24: 순위 | B24: 업무 | C24: 주간 합계(분) | D24: 불편도 | E24: 조건 충족 | F24: 작성한 업무 수
A25: 1 | B25: =IFERROR(INDEX($B$7:$B$21,MATCH(1,$L$7:$L$21,0)),"") | C25: =IFERROR(INDEX($E$7:$E$21,MATCH(1,$L$7:$L$21,0)),"") | D25: =IFERROR(INDEX($F$7:$F$21,MATCH(1,$L$7:$L$21,0)),"") | E25: =IFERROR(INDEX($K$7:$K$21,MATCH(1,$L$7:$L$21,0)),"") | F25: =COUNTA(B7:B21)&"개 "&IF(COUNTA(B7:B21)>=10,"(충족)","(10개 이상 적기)")
A26: 2 | B26: =IFERROR(INDEX($B$7:$B$21,MATCH(2,$L$7:$L$21,0)),"") | C26: =IFERROR(INDEX($E$7:$E$21,MATCH(2,$L$7:$L$21,0)),"") | D26: =IFERROR(INDEX($F$7:$F$21,MATCH(2,$L$7:$L$21,0)),"") | E26: =IFERROR(INDEX($K$7:$K$21,MATCH(2,$L$7:$L$21,0)),"")
A27: 3 | B27: =IFERROR(INDEX($B$7:$B$21,MATCH(3,$L$7:$L$21,0)),"") | C27: =IFERROR(INDEX($E$7:$E$21,MATCH(3,$L$7:$L$21,0)),"") | D27: =IFERROR(INDEX($F$7:$F$21,MATCH(3,$L$7:$L$21,0)),"") | E27: =IFERROR(INDEX($K$7:$K$21,MATCH(3,$L$7:$L$21,0)),"")
A29: 주간 합계 = 빈도 × 1회 소요 시간 · 좋은 후보의 조건 4가지(G~J)를 O/X로 표시 · 상위 3개 중 조건을 많이 충족하는 업무를 인터뷰와 매트릭스로 가져갑니다

Sheet 2_인터뷰
A1: 2. 인터뷰 가이드와 기록
A2: 도구 01 · 의견이 아니라 최근에 실제로 있었던 일을 묻는다 · 한 사람은 묻고 한 사람은 기록한다 · 2명 이상 인터뷰
A3: ="작성자: "&'0_안내'!C6&" · "&'0_안내'!C7&" · "&'0_안내'!C8&" · "&'0_안내'!C9
A5: 알고 싶은 것 (2~3개)
A6: 1
A7: 2
A8: 3
A10: 인터뷰 1
A11: 대상 (직무·상황)
A12: 진행자 / 기록자
A13: 일시
A14: 흐름 | B14: 질문 (열린 질문 · 예시를 고쳐 써도 됨) | C14: 들은 말 그대로 | D14: 숫자 (횟수·시간·건수) | E14: 내 해석 (사실과 분리)
A15: 도입 | B15: 담당하시는 역할과 하루 업무 흐름을 말씀해 주세요.
A16: 경험 | B16: 최근에 그 업무를 했던 때를 처음부터 말씀해 주세요.
A17: 경험 | B17: 그 작업에 보통 얼마나 걸리나요? 한 주에 몇 번 하나요?
A18: 감정 | B18: 그때 가장 힘들었던 점은 무엇이었나요?
A19: 이유 | B19: 왜 그렇게 되었을까요? (답에 다시 왜를 묻기)
A20: 이유 | B20: 그때 어떻게 해결하셨나요? 누구에게 물었나요?
A21: 기대 | B21: 어떻게 되면 일이 끝났다고 느끼시나요?
A24: 인터뷰 2
A25: 대상 (직무·상황)
A26: 진행자 / 기록자
A27: 일시
A28: 흐름 | B28: 질문 (열린 질문 · 예시를 고쳐 써도 됨) | C28: 들은 말 그대로 | D28: 숫자 (횟수·시간·건수) | E28: 내 해석 (사실과 분리)
A29: 도입 | B29: 담당하시는 역할과 하루 업무 흐름을 말씀해 주세요.
A30: 경험 | B30: 최근에 그 업무를 했던 때를 처음부터 말씀해 주세요.
A31: 경험 | B31: 그 작업에 보통 얼마나 걸리나요? 한 주에 몇 번 하나요?
A32: 감정 | B32: 그때 가장 힘들었던 점은 무엇이었나요?
A33: 이유 | B33: 왜 그렇게 되었을까요? (답에 다시 왜를 묻기)
A34: 이유 | B34: 그때 어떻게 해결하셨나요? 누구에게 물었나요?
A35: 기대 | B35: 어떻게 되면 일이 끝났다고 느끼시나요?
A38: 질문 고쳐 쓰기 — 피할 질문과 바꾼 질문
A39: 피할 질문 | B39: 이 시스템 불편하시죠? | C39: → 마지막으로 이 시스템을 쓴 때를 말씀해 주세요
A40: 피할 질문 | B40: 자동화되면 좋겠죠? | C40: → 그 작업에 보통 얼마나 걸리나요?
A41: 피할 질문 | B41: 무엇이 필요하세요? | C41: → 그때 어떻게 해결하셨나요?
A43: 기록 원칙: 들은 말은 요약하지 않고 그대로 · 숫자가 나오면 반드시 적기 · 유도 질문과 해결책 제안 금지

Sheet 3_공감지도
A1: 3. 공감 지도와 니즈 문장
A2: 도구 02 · 인터뷰 기록을 네 칸으로 나눠 사용자의 니즈를 찾는다 · 근거가 된 말이나 행동이 있을 때만 적기
A3: ="작성자: "&'0_안내'!C6&" · "&'0_안내'!C7&" · "&'0_안내'!C8&" · "&'0_안내'!C9
A5: 사용자
B7: 말한 것 인터뷰에서 들은 말 그대로 | C7: 생각한 것 말 뒤의 판단과 걱정 | D7: 행동한 것 실제로 하는 일과 우회 방법 | E7: 느낀 것 감정과 그 강도
A8: 예시 | B8: "조치 이력을 찾으려면 세 군데를 뒤져야 해요" | C8: "또 같은 문제로 불려 가겠구나" | D8: 개인 엑셀에 따로 정리해 둔다 | E8: 반복될 때 답답함, 급할 때 불안
A9: 1
A10: 2
A11: 3
A12: 4
A13: 5
A14: 6
B16: 어려움 — 막히는 지점, 반복되는 불편 | D16: 바라는 것 — 성공했다고 느끼는 상태
A17: 1
A18: 2
A19: 3
A21: 니즈 문장 — [누구]는 [어떤 상황]에서 [무엇]을 원한다. 왜냐하면 [이유] 때문이다. (팀당 3개 이상)
B22: 누구 | C22: 어떤 상황 | D22: 무엇을 원하나 | E22: 이유 | F22: 해결책이 들어갔나
A23: 예시 | B23: CS기술 담당자 | C23: 현장에서 알람이 발생했을 때 | D23: 과거 조치 방법을 바로 찾기 | E23: 이력을 찾는 동안 고객 라인이 멈춰 있기 | F23: X
A24: 1
A25: 2
A26: 3
A27: 4
A28: 5
A30: 완성된 니즈 문장 (자동)
A31: 예시 | B31: =IF(B23="","",B23&"는 "&C23&"에서 "&D23&"을(를) 원한다. 왜냐하면 "&E23&" 때문이다.")
A32: 1 | B32: =IF(B24="","",B24&"는 "&C24&"에서 "&D24&"을(를) 원한다. 왜냐하면 "&E24&" 때문이다.")
A33: 2 | B33: =IF(B25="","",B25&"는 "&C25&"에서 "&D25&"을(를) 원한다. 왜냐하면 "&E25&" 때문이다.")
A34: 3 | B34: =IF(B26="","",B26&"는 "&C26&"에서 "&D26&"을(를) 원한다. 왜냐하면 "&E26&" 때문이다.")
A35: 4 | B35: =IF(B27="","",B27&"는 "&C27&"에서 "&D27&"을(를) 원한다. 왜냐하면 "&E27&" 때문이다.")
A36: 5 | B36: =IF(B28="","",B28&"는 "&C28&"에서 "&D28&"을(를) 원한다. 왜냐하면 "&E28&" 때문이다.")
A38: ‘해결책이 들어갔나’가 O인 문장은 다시 씁니다 (예: “시스템이 있으면 좋겠다” → 사용자가 겪는 상황으로)

Sheet 4_문제후보선정
A1: 4. 문제 후보 선정 — 효과×용이성 매트릭스와 Agent 적합성
A2: 도구 03 · 두 축의 기준을 먼저 한 문장씩 합의 · 각자 위치를 표시한 뒤 차이가 큰 것만 토론
A3: ="작성자: "&'0_안내'!C6&" · "&'0_안내'!C7&" · "&'0_안내'!C8&" · "&'0_안내'!C9
A5: 기대 효과 기준 | O5: 예: 줄어드는 주간 시간과 영향받는 사람 수
A6: 실행 용이성 기준 | O6: 예: 참조할 자료가 있고, 입력과 출력이 명확한가
G7: Agent 적합성 — 지식: 참조할 문서가 있나 · 입력: 무엇을 넣는지 명확한가 · 출력: 형식을 정할 수 있나 · 검증: 사람이 맞는지 확인 가능한가 · 보안: 올려도 되는 자료만으로 되나
A8: No | B8: 문제 후보 | C8: 출처 | D8: 기대 효과 (1~5) | E8: 실행 용이성 (1~5) | F8: 위치 (자동) | G8: 지식 | H8: 입력 | I8: 출력 | J8: 검증 | K8: 보안 | L8: 적합성 (5개 중) | M8: 판정 (자동) | N8: 최종
A9: 예시 | B9: 필요한 순간에 과거 조치 이력을 바로 찾을 방법이 없다 | C9: 니즈 문장 | D9: 5 | E9: 4 | F9: =IF(OR(D9="",E9=""),"",IF(AND(D9>=3,E9>=3),"우선 추진",IF(D9>=3,"효과 큼 · 어려움",IF(E9>=3,"쉬움 · 효과 작음","보류")))) | G9: O | H9: O | I9: O | J9: O | K9: O | L9: =COUNTIF(G9:K9,"O") | M9: =IF(F9="","",IF(AND(F9="우선 추진",L9=5),"팀 프로젝트 적합",IF(F9="우선 추진","적합성 보완 필요","후순위"))) | N9: 선정
A10: 1 | F10: =IF(OR(D10="",E10=""),"",IF(AND(D10>=3,E10>=3),"우선 추진",IF(D10>=3,"효과 큼 · 어려움",IF(E10>=3,"쉬움 · 효과 작음","보류")))) | L10: =IF(B10="","",COUNTIF(G10:K10,"O")) | M10: =IF(F10="","",IF(AND(F10="우선 추진",L10=5),"팀 프로젝트 적합",IF(F10="우선 추진","적합성 보완 필요","후순위")))
A11: 2 | F11: =IF(OR(D11="",E11=""),"",IF(AND(D11>=3,E11>=3),"우선 추진",IF(D11>=3,"효과 큼 · 어려움",IF(E11>=3,"쉬움 · 효과 작음","보류")))) | L11: =IF(B11="","",COUNTIF(G11:K11,"O")) | M11: =IF(F11="","",IF(AND(F11="우선 추진",L11=5),"팀 프로젝트 적합",IF(F11="우선 추진","적합성 보완 필요","후순위")))
A12: 3 | F12: =IF(OR(D12="",E12=""),"",IF(AND(D12>=3,E12>=3),"우선 추진",IF(D12>=3,"효과 큼 · 어려움",IF(E12>=3,"쉬움 · 효과 작음","보류")))) | L12: =IF(B12="","",COUNTIF(G12:K12,"O")) | M12: =IF(F12="","",IF(AND(F12="우선 추진",L12=5),"팀 프로젝트 적합",IF(F12="우선 추진","적합성 보완 필요","후순위")))
A13: 4 | F13: =IF(OR(D13="",E13=""),"",IF(AND(D13>=3,E13>=3),"우선 추진",IF(D13>=3,"효과 큼 · 어려움",IF(E13>=3,"쉬움 · 효과 작음","보류")))) | L13: =IF(B13="","",COUNTIF(G13:K13,"O")) | M13: =IF(F13="","",IF(AND(F13="우선 추진",L13=5),"팀 프로젝트 적합",IF(F13="우선 추진","적합성 보완 필요","후순위")))
A14: 5 | F14: =IF(OR(D14="",E14=""),"",IF(AND(D14>=3,E14>=3),"우선 추진",IF(D14>=3,"효과 큼 · 어려움",IF(E14>=3,"쉬움 · 효과 작음","보류")))) | L14: =IF(B14="","",COUNTIF(G14:K14,"O")) | M14: =IF(F14="","",IF(AND(F14="우선 추진",L14=5),"팀 프로젝트 적합",IF(F14="우선 추진","적합성 보완 필요","후순위")))
A15: 6 | F15: =IF(OR(D15="",E15=""),"",IF(AND(D15>=3,E15>=3),"우선 추진",IF(D15>=3,"효과 큼 · 어려움",IF(E15>=3,"쉬움 · 효과 작음","보류")))) | L15: =IF(B15="","",COUNTIF(G15:K15,"O")) | M15: =IF(F15="","",IF(AND(F15="우선 추진",L15=5),"팀 프로젝트 적합",IF(F15="우선 추진","적합성 보완 필요","후순위")))
A16: 7 | F16: =IF(OR(D16="",E16=""),"",IF(AND(D16>=3,E16>=3),"우선 추진",IF(D16>=3,"효과 큼 · 어려움",IF(E16>=3,"쉬움 · 효과 작음","보류")))) | L16: =IF(B16="","",COUNTIF(G16:K16,"O")) | M16: =IF(F16="","",IF(AND(F16="우선 추진",L16=5),"팀 프로젝트 적합",IF(F16="우선 추진","적합성 보완 필요","후순위")))
A17: 8 | F17: =IF(OR(D17="",E17=""),"",IF(AND(D17>=3,E17>=3),"우선 추진",IF(D17>=3,"효과 큼 · 어려움",IF(E17>=3,"쉬움 · 효과 작음","보류")))) | L17: =IF(B17="","",COUNTIF(G17:K17,"O")) | M17: =IF(F17="","",IF(AND(F17="우선 추진",L17=5),"팀 프로젝트 적합",IF(F17="우선 추진","적합성 보완 필요","후순위")))
A19: 팀이 풀 문제 (자동 — ‘최종’에 선정 표시한 후보)
A20: =IFERROR(INDEX(B10:B17,MATCH("선정",N10:N17,0)),"‘최종’ 열에서 1개를 선정으로 표시")
A21: ="선정 "&COUNTIF(N10:N17,"선정")&"개 · 후보 "&COUNTIF(N10:N17,"후보")&"개 (목표: 선정 1개 · 후보 2개)"
A23: 위치: 효과·용이성이 모두 3 이상이면 ‘우선 추진’ · 판정: 우선 추진이면서 적합성 5개를 모두 충족하면 ‘팀 프로젝트 적합’

Sheet 5_업무흐름도
A1: 5. 업무 흐름도와 사람·AI 역할 분담
A2: 도구 04 · 규정이 아니라 실제로 하는 순서대로 5~7단계 · 한 단계 = 한 사람이 한 번에 끝내는 일
A3: ="작성자: "&'0_안내'!C6&" · "&'0_안내'!C7&" · "&'0_안내'!C8&" · "&'0_안내'!C9
A5: 업무 이름
A6: 시작 (무엇이 들어오면)
A7: 끝 (무엇이 나오면)
A9: 작성 예시 — 현장 이슈 대응 업무 (설명용, 1건당 90분)
A10: STEP | B10: STEP 1 | C10: STEP 2 | D10: STEP 3 | E10: STEP 4 | F10: STEP 5 | G10: STEP 6 | H10: STEP 7
A11: 단계 이름 | B11: 이슈 접수 | C11: 증상 확인 | D11: 과거 이력 찾기 | E11: 원인 판단 | F11: 조치·안내 | G11: 결과 기록
A12: 쓰는 자료 | B12: 전화, 메신저 | C12: 알람 코드, 설비 유형 | D12: 공유 폴더, 개인 메모, 선배 문의 | E12: 찾은 이력, 담당자 경험 | F12: 조치 방법 | G12: 개인 메모, 메신저
A13: 판단 | C13: 어떤 증상인가 | D13: 같은 유형이 있었나 | E13: 가장 가능성 높은 원인 | F13: 안전한가
A14: 출력 (결과) | B14: 접수 내용 | C14: 증상 정리 | D14: 유사 이력 | E14: 원인 후보 | F14: 조치 순서 | G14: 기록
A15: 소요 시간 (분) | B15: 5 | C15: 10 | D15: 30 | E15: 15 | F15: 20 | G15: 10
A16: 일의 성격 | B16: 접수 | C16: 확인 | D16: 탐색 | E16: 판단 | F16: 실행 | G16: 기록
A17: 병목 (자동) | B17: =IF(B15="","",IF(B15=MAX($B$15:$H$15),"◀ 병목","")) | C17: =IF(C15="","",IF(C15=MAX($B$15:$H$15),"◀ 병목","")) | D17: =IF(D15="","",IF(D15=MAX($B$15:$H$15),"◀ 병목","")) | E17: =IF(E15="","",IF(E15=MAX($B$15:$H$15),"◀ 병목","")) | F17: =IF(F15="","",IF(F15=MAX($B$15:$H$15),"◀ 병목","")) | G17: =IF(G15="","",IF(G15=MAX($B$15:$H$15),"◀ 병목","")) | H17: =IF(H15="","",IF(H15=MAX($B$15:$H$15),"◀ 병목",""))
A18: AI가 하는 일 | B18: — | C18: 빠진 정보를 되묻는다 | D18: 유사 이력을 찾아 요약한다 | E18: 원인 후보를 제시한다 | F18: 조치 순서 초안을 쓴다 | G18: 표준 양식으로 정리한다
A19: 사람이 하는 일 | B19: 접수한다 | C19: 증상을 입력한다 | D19: — | E19: 최종 판단한다 | F19: 안전을 확인하고 실행한다 | G19: 검토 후 저장한다
A20: 총 소요 (자동) | B20: =IF(SUM(B15:H15)=0,"",SUM(B15:H15)&"분 · 병목 단계: "&IFERROR(INDEX(B11:H11,MATCH(MAX(B15:H15),B15:H15,0)),""))
A22: 우리 팀 업무 흐름 — 직접 작성
A23: STEP | B23: STEP 1 | C23: STEP 2 | D23: STEP 3 | E23: STEP 4 | F23: STEP 5 | G23: STEP 6 | H23: STEP 7
A24: 단계 이름
A25: 쓰는 자료
A26: 판단
A27: 출력 (결과)
A28: 소요 시간 (분)
A29: 일의 성격
A30: 병목 (자동) | B30: =IF(B28="","",IF(B28=MAX($B$28:$H$28),"◀ 병목","")) | C30: =IF(C28="","",IF(C28=MAX($B$28:$H$28),"◀ 병목","")) | D30: =IF(D28="","",IF(D28=MAX($B$28:$H$28),"◀ 병목","")) | E30: =IF(E28="","",IF(E28=MAX($B$28:$H$28),"◀ 병목","")) | F30: =IF(F28="","",IF(F28=MAX($B$28:$H$28),"◀ 병목","")) | G30: =IF(G28="","",IF(G28=MAX($B$28:$H$28),"◀ 병목","")) | H30: =IF(H28="","",IF(H28=MAX($B$28:$H$28),"◀ 병목",""))
A31: AI가 하는 일
A32: 사람이 하는 일
A33: 총 소요 (자동) | B33: =IF(SUM(B28:H28)=0,"",SUM(B28:H28)&"분 · 병목 단계: "&IFERROR(INDEX(B24:H24,MATCH(MAX(B28:H28),B28:H28,0)),""))
A35: 병목 기준: 시간이 가장 길거나, 사람마다 방법이 다르거나, 다른 사람에게 물어야 하는 단계 · 찾기·요약·초안은 AI, 판단·책임·안전은 사람, 규칙이 명확한 계산·조회는 기존 시스템

Sheet 6_가설검증
A1: 6. 가설 수립과 데이터 검증
A2: 만약 [원인]이 맞다면, [데이터]에서 [패턴]이 보일 것이다 · 가설이 기각되어도 성과
A3: ="작성자: "&'0_안내'!C6&" · "&'0_안내'!C7&" · "&'0_안내'!C8&" · "&'0_안내'!C9
A5: No | B5: 니즈 문장 · 병목 | C5: 원인 | D5: 확인할 데이터 | E5: 예상 패턴 | F5: 가설 문장 (자동) | G5: 맞다고 볼 기준 (수치) | H5: 검증 결과 | I5: 판정 | J5: 근거 | K5: 검증 가능 | L5: 구체적 | M5: 반증 가능
A6: 예시 | B6: CS기술 담당자는 과거 조치 방법을 바로 찾기를 원한다 | C6: 과거 조치 이력을 찾기 어려운 것 | D6: 셋업 이슈 대장 | E6: 같은 유형의 이슈가 여러 프로젝트에 반복 | F6: =IF(C6="","","만약 "&C6&"이(가) 원인이라면, "&D6&"에서 "&E6&"이(가) 보일 것이다.") | G6: 상위 3개 유형이 전체의 60% 이상 | H6: 상위 3개 72% | I6: 지지 | J6: 유형별 건수 표 (아래) | K6: O | L6: O | M6: O
A7: 1 | F7: =IF(C7="","","만약 "&C7&"이(가) 원인이라면, "&D7&"에서 "&E7&"이(가) 보일 것이다.")
A8: 2 | F8: =IF(C8="","","만약 "&C8&"이(가) 원인이라면, "&D8&"에서 "&E8&"이(가) 보일 것이다.")
A9: 3 | F9: =IF(C9="","","만약 "&C9&"이(가) 원인이라면, "&D9&"에서 "&E9&"이(가) 보일 것이다.")
A11: 유형별 건수와 누적 비중 — 상위 몇 가지가 대부분을 차지하는지 확인
A12: 순서 | B12: 유형 (건수 많은 순으로) | C12: 건수 | D12: 비중 (자동) | E12: 누적 비중 (자동) | F12: 집중 구간 (자동)
A13: 1 | D13: =IF(C13="","",C13/SUM($C$13:$C$20)) | E13: =IF(C13="","",SUM($C$13:C13)/SUM($C$13:$C$20)) | F13: =IF(E13="","",IF(SUM($C$13:C13)-C13<SUM($C$13:$C$20)*0.8,"상위 집중",""))
A14: 2 | D14: =IF(C14="","",C14/SUM($C$13:$C$20)) | E14: =IF(C14="","",SUM($C$13:C14)/SUM($C$13:$C$20)) | F14: =IF(E14="","",IF(SUM($C$13:C14)-C14<SUM($C$13:$C$20)*0.8,"상위 집중",""))
A15: 3 | D15: =IF(C15="","",C15/SUM($C$13:$C$20)) | E15: =IF(C15="","",SUM($C$13:C15)/SUM($C$13:$C$20)) | F15: =IF(E15="","",IF(SUM($C$13:C15)-C15<SUM($C$13:$C$20)*0.8,"상위 집중",""))
A16: 4 | D16: =IF(C16="","",C16/SUM($C$13:$C$20)) | E16: =IF(C16="","",SUM($C$13:C16)/SUM($C$13:$C$20)) | F16: =IF(E16="","",IF(SUM($C$13:C16)-C16<SUM($C$13:$C$20)*0.8,"상위 집중",""))
A17: 5 | D17: =IF(C17="","",C17/SUM($C$13:$C$20)) | E17: =IF(C17="","",SUM($C$13:C17)/SUM($C$13:$C$20)) | F17: =IF(E17="","",IF(SUM($C$13:C17)-C17<SUM($C$13:$C$20)*0.8,"상위 집중",""))
A18: 6 | D18: =IF(C18="","",C18/SUM($C$13:$C$20)) | E18: =IF(C18="","",SUM($C$13:C18)/SUM($C$13:$C$20)) | F18: =IF(E18="","",IF(SUM($C$13:C18)-C18<SUM($C$13:$C$20)*0.8,"상위 집중",""))
A19: 7 | D19: =IF(C19="","",C19/SUM($C$13:$C$20)) | E19: =IF(C19="","",SUM($C$13:C19)/SUM($C$13:$C$20)) | F19: =IF(E19="","",IF(SUM($C$13:C19)-C19<SUM($C$13:$C$20)*0.8,"상위 집중",""))
A20: 8 | D20: =IF(C20="","",C20/SUM($C$13:$C$20)) | E20: =IF(C20="","",SUM($C$13:C20)/SUM($C$13:$C$20)) | F20: =IF(E20="","",IF(SUM($C$13:C20)-C20<SUM($C$13:$C$20)*0.8,"상위 집중",""))
B21: 합계 | C21: =SUM(C13:C20)
A22: ‘상위 집중’ = 누적 80%에 도달하기까지의 유형 · 유형 분류 기준을 먼저 정한 뒤 셉니다 · 수치는 강사가 제공하는 가상 데이터로
A24: 생성형 AI로 데이터 분석 — 네 단계 질문 (ChatGPT 프로젝트에 가상 데이터 파일을 올려 진행)
A25: 단계 | B25: 목적 | C25: 프롬프트 예시 | E25: 내가 쓴 프롬프트 | F25: 결과 메모
A26: 1 이해 | B26: 데이터 구조 파악 | C26: 이 파일의 열 구성과 각 열의 의미, 누락되거나 이상한 값을 정리해 줘
A27: 2 정제 | B27: 분류 기준 통일 | C27: 이슈 내용 열을 읽고 유형을 6개 이내로 분류해 새 열로 추가해 줘. 분류 기준도 함께 알려 줘
A28: 3 분석 | B28: 빈도·비중·추이 계산 | C28: 유형별 건수와 비중을 표로 만들고, 누적 비중 그래프를 그려 줘
A29: 4 해석 | B29: 가설 판정 | C29: 가설은 “같은 유형이 반복된다”야. 이 결과가 가설을 지지하는지 근거 수치와 함께 판단해 줘
A31: 보안: 고객사명·프로젝트명·도면·사양 수치는 올리지 않음 · 이름·연락처·사번은 삭제하거나 기호로

Sheet 7_5Whys
A1: 7. 5 Whys — 현상에서 진짜 문제까지
A2: 도구 05 · 사람 탓에서 멈추지 말고 절차와 구조를 묻기 · 팀이 바꿀 수 있는 원인이 나오면 멈춤
A3: ="작성자: "&'0_안내'!C6&" · "&'0_안내'!C7&" · "&'0_안내'!C8&" · "&'0_안내'!C9
A5: 작성 예시 (설명용)
A6: 현상 (사실·수치) | B6: 셋업 기간이 계획보다 길어진다
B7: 왜? (앞 답을 주어로) | C7: 답 (확인된 내용 한 문장) | D7: 근거 (인터뷰·데이터) | E7: 바꿀 수 있는 원인
A8: 왜 1 | B8: 왜 셋업 기간이 길어지나? | C8: 같은 유형의 이슈가 현장에서 다시 발생한다 | D8: 이슈 대장: 상위 3개 유형 72% | E8: X
A9: 왜 2 | B9: 왜 같은 이슈가 다시 발생하나? | C9: 과거 조치 방법을 담당자가 알지 못한다 | D9: 인터뷰 2명: “선배에게 물어본다” | E9: X
A10: 왜 3 | B10: 왜 담당자가 알지 못하나? | C10: 조치 이력이 여러 곳에 흩어져 있어 찾기 어렵다 | D10: 인터뷰: 공유 폴더·개인 메모·메신저 | E10: O
A11: 진짜 문제 | B11: 필요한 순간에 과거 조치 이력을 바로 찾을 방법이 없다
A13: 우리 팀 — 직접 작성 (꼭 다섯 번일 필요 없음 · 원인이 여러 개면 갈래를 나눠 각각)
A14: 현상 (사실·수치)
B15: 왜? (앞 답을 주어로) | C15: 답 (확인된 내용 한 문장) | D15: 근거 (인터뷰·데이터) | E15: 바꿀 수 있는 원인
A16: 왜 1
A17: 왜 2
A18: 왜 3
A19: 왜 4
A20: 왜 5
A21: 왜 6
A22: 왜 7
A23: 진짜 문제
A25: 해결 방향을 여는 질문으로 바꾸기 — 어떻게 하면 [사용자]가 [상황]에서 [원하는 결과]를 얻게 할 수 있을까?
B26: 사용자 | C26: 상황 | D26: 원하는 결과
A27: 예시 | B27: CS기술 담당자 | C27: 현장 | D27: 과거 조치 이력을 1분 안에 찾게
A28: 우리 팀
A29: 질문 (자동) | B29: =IF(B27="","","어떻게 하면 "&B27&"이(가) "&C27&"에서 "&D27&" 할 수 있을까?")
A30: 질문 (자동) | B30: =IF(B28="","","어떻게 하면 "&B28&"이(가) "&C28&"에서 "&D28&" 할 수 있을까?")
A32: 너무 넓으면 아이디어가 흩어지고, 너무 좁으면 해결책이 이미 정해져 있음 · 진짜 문제는 해결책이 아니라 사용자의 상황으로

Sheet 8_문제정의서
A1: 8. 문제정의서
A2: 도구 06 · 누구의 어떤 문제를 왜 푸는지 근거와 함께 한 장에 · 다섯 칸을 채우면 Agent를 만들 준비가 끝난다
A3: ="작성자: "&'0_안내'!C6&" · "&'0_안내'!C7&" · "&'0_안내'!C8&" · "&'0_안내'!C9
A5: 항목 | B5: 작성 가이드 | C5: 우리 팀 작성 | D5: 작성 예시
A6: 사용자 | B6: 누가 겪는 문제인가 (직무, 상황) | D6: 설계·CS기술 담당자 · 현장 셋업 중 이슈 대응
A7: 문제 상황 | B7: 언제, 어디서, 무엇이 어려운가 | D7: 알람이 발생했을 때 과거 조치 이력을 찾는 데 30분 이상 걸린다
A8: 근거 — 인터뷰 | B8: 들은 말 그대로 | D8: “조치 이력을 찾으려면 세 군데를 뒤져야 해요”
A9: 근거 — 데이터 | B9: 수치 (시트 6 결과) | D9: 셋업 이슈 상위 3개 유형이 전체의 72% (가상 데이터 100건)
A10: 진짜 문제 | B10: 원인을 반영한 한 문장 (시트 7) | D10: 필요한 순간에 과거 조치 이력을 바로 찾을 방법이 없다
A11: 성공 기준 — 지표 | B11: 무엇으로 잴 것인가 | D11: 이력 찾는 시간 (건당)
A12: 성공 기준 — 현재 | B12: 지금 값 | D12: 30분
A13: 성공 기준 — 목표 | B13: 해결되면 값 | D13: 5분
A15: 문제 정의 점검 — 모두 O가 되면 다음 단계로
A16: 해결책이 문제 문장에 들어 있지 않다 | D16: “이력 관리 시스템이 없다”는 해결책 → 상황으로 다시 쓰기
A17: 확인할 수 있을 만큼 구체적이다 | D17: “업무 효율이 낮다”는 너무 넓음
A18: 근거(인터뷰 또는 수치)가 붙어 있다 | D18: 근거 없는 문장은 가설로 표시
A19: 반복되는 일이다 | D19: Agent 적합성
A20: 판단 기준이 문서로 있다 | D20: Agent 적합성
A21: 사람이 결과를 검토할 수 있다 | D21: Agent 적합성
A23: =IF(COUNTIF(C16:C21,"O")=6,"점검 통과 — Agent 설계서(시트 9)로","점검 "&COUNTIF(C16:C21,"O")&" / 6 · X 항목을 고친 뒤 다시 확인")

Sheet 9_Agent설계서
A1: 9. Agent 설계서와 GPT 지침 초안
A2: 도구 07 · 하나의 Agent는 하나의 일만 · 출력 형식은 표와 항목 순서까지 · 설계서를 먼저 쓰면 수정 횟수가 줄어든다
A3: ="작성자: "&'0_안내'!C6&" · "&'0_안내'!C7&" · "&'0_안내'!C8&" · "&'0_안내'!C9
A5: 칸 | B5: 우리 팀 작성 | C5: 작성 예시 (트러블슈팅 도우미) | D5: 가져오는 곳
A6: 1 사용자 | C6: 현장 이슈에 대응하는 설계·CS기술 담당자 | D6: 문제정의서
A7: 2 역할과 목표 | C7: 과거 조치 이력을 찾아 원인 후보와 조치 순서를 제시한다 | D7: 문제정의서
A8: 2 하지 않는 일 | C8: 설계 변경 판단, 안전 작업 승인
A9: 3 입력 | C9: 증상, 설비 유형, 알람 코드 | D9: 업무 흐름도
A10: 4 출력 형식 | C10: 원인 후보 / 조치 순서 / 근거 문서명 순서의 표 | D10: 업무 흐름도
A11: 5 절차 1 | C11: 증상, 설비 유형, 알람 코드를 확인한다. 빠진 것은 되묻는다 | D11: 업무 흐름도
A12: 5 절차 2 | C12: 지식 문서에서 같은 유형의 조치 이력을 찾는다
A13: 5 절차 3 | C13: 가능성이 높은 순서로 조치 방법을 제시한다
A14: 5 절차 4
A15: 5 절차 5
A16: 6 지식 문서 1 | C16: 조치 이력 정리표 (가상 · 비식별) | D16: 비식별 O/X →
A17: 6 지식 문서 2 | C17: 설비 매뉴얼 요약 (가상) | D17: 비식별 O/X →
A18: 6 지식 문서 3 | D18: 비식별 O/X →
A19: 7 제약 | C19: 지식 문서에 없는 내용은 추측하지 말고 “이력 없음”이라고 답한다. 안전 관련 작업은 담당자 확인을 안내한다
A21: 테스트 질문 5개 — 제작 직후(v1) 확인 · 통과 기준을 먼저 적고 실행
A22: No | B22: 테스트 질문 | C22: 좋은 답의 조건 (통과 기준) | D22: 종류 | E22: v1 결과
A23: 예시 | B23: 알람 E-201, 증상: 이송 멈춤. 설비 유형은 말하지 않음 | C23: 설비 유형을 되묻는다 | D23: 경계 | E23: 통과
A24: 1
A25: 2
A26: 3
A27: 4
A28: 5
A29: 통과율 (자동) | B29: =IF(COUNTA(E24:E28)=0,"",COUNTIF(E24:E28,"통과")&" / "&COUNTA(E24:E28)&" 통과")
A31: GPT 구성 탭 입력값
A32: 이름 | C32: 트러블슈팅 도우미
A33: 설명 | C33: 알람과 증상을 넣으면 과거 조치 이력으로 원인 후보와 조치 순서를 제시합니다
A34: 대화 스타터 1 | C34: 알람 E-201이 떴어요. 증상은 이송 멈춤입니다
A35: 대화 스타터 2 | C35: 이 증상의 과거 조치 이력을 찾아 주세요
A36: 기능 — 웹 검색 | C36: 끔 (사내 지식만 참조)
A37: 기능 — 코드 실행·데이터 분석 | C37: 필요 시 켬 (표 데이터 분석)
A38: 기능 — 이미지 생성 | C38: 끔
A39: 공유 범위 | C39: 링크가 있는 팀원
A41: GPT 지침 초안 (자동 — 위 칸을 채우면 만들어짐 · 구성 탭 ‘지침’에 붙여 넣고 고친다)
A42: =IF(B6="","1~7칸을 채우면 여기에 지침 초안이 만들어집니다","# 역할"&CHAR(10)&"너는 "&B6&"을(를) 돕는 Agent다. "&B7&CHAR(10)&"하지 않는 일: "&B8&CHAR(10)&CHAR(10)&"# 입력"&CHAR(10)&B9&CHAR(10)&CHAR(10)&"# 절차"&CHAR(10)&IF(B11="","","1. "&B11&CHAR(10))&IF(B12="","","2. "&B12&CHAR(10))&IF(B13="","","3. "&B13&CHAR(10))&IF(B14="","","4. "&B14&CHAR(10))&IF(B15="","","5. "&B15&CHAR(10))&CHAR(10)&"# 출력 형식"&CHAR(10)&B10&CHAR(10)&CHAR(10)&"# 지식"&CHAR(10)&B16&IF(B17="","",", "&B17)&IF(B18="","",", "&B18)&CHAR(10)&CHAR(10)&"# 제약"&CHAR(10)&B19)
A44: 지침의 여섯 요소: 역할 · 맥락 · 절차(되묻는 조건) · 출력 형식 · 제약(모를 때의 답) · 예시 — 빌더가 만든 지침을 이 요소로 점검

Sheet 10_Day1점검
A1: 10. Day 1 정리 — 산출물 확인
A2: 팀별로 네 가지를 갖췄는지 점검 · Day 1과 Day 2 사이에 별도 과제는 없음
A3: ="작성자: "&'0_안내'!C6&" · "&'0_안내'!C7&" · "&'0_안내'!C8&" · "&'0_안내'!C9
A5: No | B5: 산출물 | C5: 시트 | D5: 상태 | E5: 자동 확인
A6: 1 | B6: 업무 흐름도와 역할 분담표 | C6: 5_업무흐름도 | E6: =IF(COUNTA('5_업무흐름도'!B24:H24)>=5,"단계 "&COUNTA('5_업무흐름도'!B24:H24)&"개 작성","단계 5개 이상 작성 필요")
A7: 2 | B7: 팀 문제정의서 (성공 기준 포함) | C7: 8_문제정의서 | E7: =IF(COUNTA('8_문제정의서'!C6:C13)=8,"8칸 모두 작성","작성 "&COUNTA('8_문제정의서'!C6:C13)&" / 8칸")
A8: 3 | B8: Agent 설계서 | C8: 9_Agent설계서 | E8: =IF(COUNTA('9_Agent설계서'!B6:B19)>=10,"작성 "&COUNTA('9_Agent설계서'!B6:B19)&"칸","작성 "&COUNTA('9_Agent설계서'!B6:B19)&" / 14칸")
A9: 4 | B9: 동작하는 Agent v1 (GPT) | C9: 9_Agent설계서 | E9: =IF('9_Agent설계서'!B29="","테스트 질문 결과 입력 필요",'9_Agent설계서'!B29)
B11: GPT 링크 (공유 링크)
B12: Day 2에 가져올 것 | F12: 예: 테스트 질문에서 실패한 질문, 지식에 없던 내용
